run,map,method,development_map,episode,result,enemy_elimination,enemy_kills,JEV_input,JEV_output,game_seconds,wall_seconds
smac-hard/jev_runs/all-maps-20260921-001/3m/jev,3m,jev_only,False,1,loss,0.0,0,74817,3179,7.5,24.031
smac-hard/jev_runs/all-maps-20260921-001/3m/jev,3m,jev_only,False,2,loss,0.0,0,72254,3105,7.143,8.421
smac-hard/jev_runs/all-maps-20260921-001/3m/jev,3m,jev_only,False,3,loss,0.0,0,72574,3037,7.5,8.704
smac-hard/jev_runs/p0-astra-all-maps-20260922-001/3m/jev,3m,jev_gpt6,False,1,loss,0.6666666666666666,2,154341,3593,10.714,82.704
smac-hard/jev_runs/p0-astra-all-maps-20260922-001/3m/jev,3m,jev_gpt6,False,2,loss,0.6666666666666666,2,150152,3441,10.357,12.438
smac-hard/jev_runs/p0-astra-all-maps-20260922-001/3m/jev,3m,jev_gpt6,False,3,loss,0.6666666666666666,2,157579,3632,11.071,13.063
smac-hard/jev_runs/all-maps-20260921-001/8m/jev,8m,jev_only,False,1,loss,0.125,1,212417,9923,7.5,26.594
smac-hard/jev_runs/all-maps-20260921-001/8m/jev,8m,jev_only,False,2,loss,0.125,1,222027,10456,7.857,10.968
smac-hard/jev_runs/all-maps-20260921-001/8m/jev,8m,jev_only,False,3,loss,0.25,2,215563,10156,7.5,11.031
smac-hard/jev_runs/p0-astra-all-maps-20260922-001/8m/jev,8m,jev_gpt6,False,1,loss,0.5,4,332510,11049,10.357,84.313
smac-hard/jev_runs/p0-astra-all-maps-20260922-001/8m/jev,8m,jev_gpt6,False,2,loss,0.625,5,337578,10754,10.357,13.625
smac-hard/jev_runs/p0-astra-all-maps-20260922-001/8m/jev,8m,jev_gpt6,False,3,win,1.0,8,350417,11913,10.714,14.141
smac-hard/jev_runs/all-maps-20260921-001/25m/jev,25m,jev_only,False,1,loss,0.0,0,1331848,51005,7.5,33.453
smac-hard/jev_runs/all-maps-20260921-001/25m/jev,25m,jev_only,False,2,loss,0.04,1,1311195,49950,7.5,16.984
smac-hard/jev_runs/all-maps-20260921-001/25m/jev,25m,jev_only,False,3,loss,0.0,0,1297141,50461,7.143,16.421
smac-hard/jev_runs/p0-astra-all-maps-20260922-001/25m/jev,25m,jev_gpt6,False,1,loss,0.52,13,1497081,37682,11.071,92.172
smac-hard/jev_runs/p0-astra-all-maps-20260922-001/25m/jev,25m,jev_gpt6,False,2,loss,0.52,13,1562833,37962,12.143,25.594
smac-hard/jev_runs/p0-astra-all-maps-20260922-001/25m/jev,25m,jev_gpt6,False,3,loss,0.6,15,1621244,38437,11.786,38.875
smac-hard/jev_runs/all-maps-20260921-001/5m_vs_6m/jev,5m_vs_6m,jev_only,False,1,loss,0.0,0,118393,5342,6.429,21.906
smac-hard/jev_runs/all-maps-20260921-001/5m_vs_6m/jev,5m_vs_6m,jev_only,False,2,loss,0.16666666666666666,1,118352,5204,6.786,8.5
smac-hard/jev_runs/all-maps-20260921-001/5m_vs_6m/jev,5m_vs_6m,jev_only,False,3,loss,0.0,0,119506,5459,6.429,8.531
smac-hard/jev_runs/p0-astra-all-maps-20260922-001/5m_vs_6m/jev,5m_vs_6m,jev_gpt6,False,1,loss,0.3333333333333333,2,195672,5468,7.857,79.235
smac-hard/jev_runs/p0-astra-all-maps-20260922-001/5m_vs_6m/jev,5m_vs_6m,jev_gpt6,False,2,loss,0.3333333333333333,2,192807,5242,7.857,9.641
smac-hard/jev_runs/p0-astra-all-maps-20260922-001/5m_vs_6m/jev,5m_vs_6m,jev_gpt6,False,3,loss,0.3333333333333333,2,187940,5229,7.5,9.688
smac-hard/jev_runs/all-maps-20260921-001/8m_vs_9m/jev,8m_vs_9m,jev_only,False,1,loss,0.0,0,202314,9296,6.786,23.234
smac-hard/jev_runs/all-maps-20260921-001/8m_vs_9m/jev,8m_vs_9m,jev_only,False,2,loss,0.0,0,202304,9314,6.786,9.188
smac-hard/jev_runs/all-maps-20260921-001/8m_vs_9m/jev,8m_vs_9m,jev_only,False,3,loss,0.0,0,208152,9824,6.786,9.5
smac-hard/jev_runs/p0-astra-all-maps-20260922-001/8m_vs_9m/jev,8m_vs_9m,jev_gpt6,False,1,loss,0.4444444444444444,4,298693,9595,8.571,91.375
smac-hard/jev_runs/p0-astra-all-maps-20260922-001/8m_vs_9m/jev,8m_vs_9m,jev_gpt6,False,2,loss,0.4444444444444444,4,285859,9709,8.571,11.547
smac-hard/jev_runs/p0-astra-all-maps-20260922-001/8m_vs_9m/jev,8m_vs_9m,jev_gpt6,False,3,loss,0.3333333333333333,3,280900,9016,8.214,11.11
smac-hard/jev_runs/all-maps-20260921-001/10m_vs_11m/jev,10m_vs_11m,jev_only,False,1,loss,0.09090909090909091,1,289900,13563,7.143,25.235
smac-hard/jev_runs/all-maps-20260921-001/10m_vs_11m/jev,10m_vs_11m,jev_only,False,2,loss,0.09090909090909091,1,286323,13230,7.143,10.25
smac-hard/jev_runs/all-maps-20260921-001/10m_vs_11m/jev,10m_vs_11m,jev_only,False,3,loss,0.09090909090909091,1,285613,13336,7.143,10.39
smac-hard/jev_runs/p0-astra-all-maps-20260922-001/10m_vs_11m/jev,10m_vs_11m,jev_gpt6,False,1,loss,0.45454545454545453,5,358617,12624,8.929,68.953
smac-hard/jev_runs/p0-astra-all-maps-20260922-001/10m_vs_11m/jev,10m_vs_11m,jev_gpt6,False,2,loss,0.45454545454545453,5,336705,10794,8.571,12.078
smac-hard/jev_runs/p0-astra-all-maps-20260922-001/10m_vs_11m/jev,10m_vs_11m,jev_gpt6,False,3,loss,0.5454545454545454,6,364621,12397,9.286,13.391
smac-hard/jev_runs/all-maps-20260921-001/27m_vs_30m/jev,27m_vs_30m,jev_only,False,1,loss,0.03333333333333333,1,1682354,53966,6.786,34.594
smac-hard/jev_runs/all-maps-20260921-001/27m_vs_30m/jev,27m_vs_30m,jev_only,False,2,loss,0.03333333333333333,1,1660031,53235,6.786,18.546
smac-hard/jev_runs/all-maps-20260921-001/27m_vs_30m/jev,27m_vs_30m,jev_only,False,3,loss,0.0,0,1651646,53058,6.786,18.641
smac-hard/jev_runs/p0-astra-all-maps-20260922-001/27m_vs_30m/jev,27m_vs_30m,jev_gpt6,False,1,loss,0.26666666666666666,8,1855139,34041,11.071,82.25
smac-hard/jev_runs/p0-astra-all-maps-20260922-001/27m_vs_30m/jev,27m_vs_30m,jev_gpt6,False,2,loss,0.36666666666666664,11,1990268,36334,11.786,32.765
smac-hard/jev_runs/p0-astra-all-maps-20260922-001/27m_vs_30m/jev,27m_vs_30m,jev_gpt6,False,3,loss,0.2,6,1834206,33830,10.357,28.703
smac-hard/jev_runs/all-maps-20260921-001/MMM/jev,MMM,jev_only,False,1,loss,0.1,1,390965,16764,10.0,29.313
smac-hard/jev_runs/all-maps-20260921-001/MMM/jev,MMM,jev_only,False,2,loss,0.0,0,385528,15921,10.357,14.485
smac-hard/jev_runs/all-maps-20260921-001/MMM/jev,MMM,jev_only,False,3,loss,0.2,2,402187,16017,11.429,15.953
smac-hard/jev_runs/p0-astra-all-maps-20260922-001/MMM/jev,MMM,jev_gpt6,False,1,loss,0.7,7,949319,28198,26.786,99.828
smac-hard/jev_runs/p0-astra-all-maps-20260922-001/MMM/jev,MMM,jev_gpt6,False,2,win,0.9,9,664459,22935,15.0,21.359
smac-hard/jev_runs/p0-astra-all-maps-20260922-001/MMM/jev,MMM,jev_gpt6,False,3,loss,0.6,6,768205,23876,20.714,29.469
smac-hard/jev_runs/all-maps-20260921-001/MMM2/jev,MMM2,jev_only,False,1,loss,0.0,0,367557,14893,8.571,27.765
smac-hard/jev_runs/all-maps-20260921-001/MMM2/jev,MMM2,jev_only,False,2,loss,0.0,0,355266,14063,8.571,12.875
smac-hard/jev_runs/all-maps-20260921-001/MMM2/jev,MMM2,jev_only,False,3,loss,0.08333333333333333,1,354517,14204,8.571,12.219
smac-hard/jev_runs/p0-astra-all-maps-20260922-001/MMM2/jev,MMM2,jev_gpt6,False,1,loss,0.3333333333333333,4,503573,15959,11.429,85.422
smac-hard/jev_runs/p0-astra-all-maps-20260922-001/MMM2/jev,MMM2,jev_gpt6,False,2,loss,0.25,3,451252,14466,10.357,15.703
smac-hard/jev_runs/p0-astra-all-maps-20260922-001/MMM2/jev,MMM2,jev_gpt6,False,3,loss,0.3333333333333333,4,532571,15064,12.5,20.703
smac-hard/jev_runs/all-maps-20260921-001/2s3z/jev,2s3z,jev_only,False,1,loss,0.6,3,274335,11991,16.071,34.907
smac-hard/jev_runs/all-maps-20260921-001/2s3z/jev,2s3z,jev_only,False,2,win,1.0,5,362016,17011,21.429,27.25
smac-hard/jev_runs/all-maps-20260921-001/2s3z/jev,2s3z,jev_only,False,3,win,1.0,5,373456,15337,27.5,33.937
smac-hard/jev_runs/p0-astra-all-maps-20260922-001/2s3z/jev,2s3z,jev_gpt6,False,1,loss,0.6,3,462660,12434,19.643,73.813
smac-hard/jev_runs/p0-astra-all-maps-20260922-001/2s3z/jev,2s3z,jev_gpt6,False,2,win,1.0,5,491841,14244,19.643,24.625
smac-hard/jev_runs/p0-astra-all-maps-20260922-001/2s3z/jev,2s3z,jev_gpt6,False,3,loss,0.4,2,399502,10969,15.357,19.219
smac-hard/jev_runs/all-maps-20260921-001/3s5z/jev,3s5z,jev_only,False,1,loss,0.375,3,486374,22411,16.429,38.218
smac-hard/jev_runs/all-maps-20260921-001/3s5z/jev,3s5z,jev_only,False,2,loss,0.25,2,465010,21520,15.0,20.484
smac-hard/jev_runs/all-maps-20260921-001/3s5z/jev,3s5z,jev_only,False,3,loss,0.625,5,538498,23423,19.286,26.328
smac-hard/jev_runs/p0-astra-all-maps-20260922-001/3s5z/jev,3s5z,jev_gpt6,False,1,loss,0.625,5,724578,21650,23.214,93.797
smac-hard/jev_runs/p0-astra-all-maps-20260922-001/3s5z/jev,3s5z,jev_gpt6,False,2,loss,0.625,5,733545,22408,22.143,29.797
smac-hard/jev_runs/p0-astra-all-maps-20260922-001/3s5z/jev,3s5z,jev_gpt6,False,3,loss,0.625,5,740370,22056,23.571,32.031
smac-hard/jev_runs/all-maps-20260921-001/3s5z_vs_3s6z/jev,3s5z_vs_3s6z,jev_only,False,1,loss,0.2222222222222222,2,456986,21174,13.929,35.688
smac-hard/jev_runs/all-maps-20260921-001/3s5z_vs_3s6z/jev,3s5z_vs_3s6z,jev_only,False,2,loss,0.3333333333333333,3,466640,21479,14.643,21.407
smac-hard/jev_runs/all-maps-20260921-001/3s5z_vs_3s6z/jev,3s5z_vs_3s6z,jev_only,False,3,loss,0.2222222222222222,2,467983,21110,14.643,21.063
smac-hard/jev_runs/p0-astra-all-maps-20260922-001/3s5z_vs_3s6z/jev,3s5z_vs_3s6z,jev_gpt6,False,1,loss,0.2222222222222222,2,585456,20211,15.714,91.063
smac-hard/jev_runs/p0-astra-all-maps-20260922-001/3s5z_vs_3s6z/jev,3s5z_vs_3s6z,jev_gpt6,False,2,loss,0.3333333333333333,3,620638,19677,16.786,23.391
smac-hard/jev_runs/p0-astra-all-maps-20260922-001/3s5z_vs_3s6z/jev,3s5z_vs_3s6z,jev_gpt6,False,3,loss,0.2222222222222222,2,575092,20002,15.0,21.078
smac-hard/jev_runs/all-maps-20260921-001/3s_vs_3z/jev,3s_vs_3z,jev_only,False,1,loss,0.0,0,142426,5924,13.214,32.016
smac-hard/jev_runs/all-maps-20260921-001/3s_vs_3z/jev,3s_vs_3z,jev_only,False,2,loss,0.0,0,148319,6489,12.857,16.079
smac-hard/jev_runs/all-maps-20260921-001/3s_vs_3z/jev,3s_vs_3z,jev_only,False,3,loss,0.3333333333333333,1,146795,6258,13.214,15.688
smac-hard/jev_runs/p0-astra-all-maps-20260922-001/3s_vs_3z/jev,3s_vs_3z,jev_gpt6,False,1,loss,0.3333333333333333,1,257658,6935,14.286,68.656
smac-hard/jev_runs/p0-astra-all-maps-20260922-001/3s_vs_3z/jev,3s_vs_3z,jev_gpt6,False,2,loss,0.3333333333333333,1,298152,8411,16.071,20.203
smac-hard/jev_runs/p0-astra-all-maps-20260922-001/3s_vs_3z/jev,3s_vs_3z,jev_gpt6,False,3,loss,0.3333333333333333,1,276070,7214,15.714,18.703
smac-hard/jev_runs/all-maps-20260921-001/3s_vs_4z/jev,3s_vs_4z,jev_only,False,1,loss,0.0,0,137896,5928,11.071,26.515
smac-hard/jev_runs/all-maps-20260921-001/3s_vs_4z/jev,3s_vs_4z,jev_only,False,2,loss,0.0,0,133934,5762,10.714,13.781
smac-hard/jev_runs/all-maps-20260921-001/3s_vs_4z/jev,3s_vs_4z,jev_only,False,3,loss,0.0,0,129105,5532,10.357,12.531
smac-hard/jev_runs/p0-astra-all-maps-20260922-001/3s_vs_4z/jev,3s_vs_4z,jev_gpt6,False,1,loss,0.25,1,244797,6395,13.214,72.828
smac-hard/jev_runs/p0-astra-all-maps-20260922-001/3s_vs_4z/jev,3s_vs_4z,jev_gpt6,False,2,loss,0.25,1,245659,6507,12.857,15.828
smac-hard/jev_runs/p0-astra-all-maps-20260922-001/3s_vs_4z/jev,3s_vs_4z,jev_gpt6,False,3,loss,0.25,1,254609,6617,13.571,16.547
smac-hard/jev_runs/all-maps-20260921-001/3s_vs_5z/jev,3s_vs_5z,jev_only,False,1,loss,0.0,0,132940,5746,9.643,27.047
smac-hard/jev_runs/all-maps-20260921-001/3s_vs_5z/jev,3s_vs_5z,jev_only,False,2,loss,0.0,0,121446,5048,9.286,10.985
smac-hard/jev_runs/all-maps-20260921-001/3s_vs_5z/jev,3s_vs_5z,jev_only,False,3,loss,0.0,0,131075,5737,9.286,11.063
smac-hard/jev_runs/p0-astra-all-maps-20260922-001/3s_vs_5z/jev,3s_vs_5z,jev_gpt6,False,1,loss,0.2,1,204320,5441,10.0,69.047
smac-hard/jev_runs/p0-astra-all-maps-20260922-001/3s_vs_5z/jev,3s_vs_5z,jev_gpt6,False,2,loss,0.2,1,204676,5265,10.357,13.453
smac-hard/jev_runs/p0-astra-all-maps-20260922-001/3s_vs_5z/jev,3s_vs_5z,jev_gpt6,False,3,loss,0.2,1,217986,5813,10.714,14.36
smac-hard/jev_runs/all-maps-20260921-001/1c3s5z/jev,1c3s5z,jev_only,False,1,loss,0.3333333333333333,3,469965,21682,13.571,32.719
smac-hard/jev_runs/all-maps-20260921-001/1c3s5z/jev,1c3s5z,jev_only,False,2,loss,0.5555555555555556,5,636759,29368,19.286,26.125
smac-hard/jev_runs/all-maps-20260921-001/1c3s5z/jev,1c3s5z,jev_only,False,3,loss,0.3333333333333333,3,482049,22075,14.286,20.406
smac-hard/jev_runs/p0-astra-all-maps-20260922-001/1c3s5z/jev,1c3s5z,jev_gpt6,False,1,loss,0.5555555555555556,5,683548,22676,17.857,89.563
smac-hard/jev_runs/p0-astra-all-maps-20260922-001/1c3s5z/jev,1c3s5z,jev_gpt6,False,2,loss,0.5555555555555556,5,643059,18986,17.857,86.047
smac-hard/jev_runs/p0-astra-all-maps-20260922-001/1c3s5z/jev,1c3s5z,jev_gpt6,False,3,loss,0.5555555555555556,5,613811,19958,16.071,25.531
smac-hard/jev_runs/all-maps-20260921-001/2m_vs_1z/jev,2m_vs_1z,jev_only,False,1,loss,0.0,0,44853,1739,6.786,21.485
smac-hard/jev_runs/all-maps-20260921-001/2m_vs_1z/jev,2m_vs_1z,jev_only,False,2,loss,0.0,0,42177,1622,6.429,7.422
smac-hard/jev_runs/all-maps-20260921-001/2m_vs_1z/jev,2m_vs_1z,jev_only,False,3,loss,0.0,0,42904,1679,6.429,7.344
smac-hard/jev_runs/p0-astra-all-maps-20260922-001/2m_vs_1z/jev,2m_vs_1z,jev_gpt6,False,1,loss,0.0,0,98973,2150,8.214,61.422
smac-hard/jev_runs/p0-astra-all-maps-20260922-001/2m_vs_1z/jev,2m_vs_1z,jev_gpt6,False,2,loss,0.0,0,112356,2437,9.286,10.641
smac-hard/jev_runs/p0-astra-all-maps-20260922-001/2m_vs_1z/jev,2m_vs_1z,jev_gpt6,False,3,loss,0.0,0,112337,2437,9.286,10.578
smac-hard/jev_runs/all-maps-20260921-001/corridor/jev,corridor,jev_only,False,1,loss,0.5416666666666666,13,682157,32483,13.929,34.875
smac-hard/jev_runs/all-maps-20260921-001/corridor/jev,corridor,jev_only,False,2,loss,0.375,9,684123,33134,12.857,19.969
smac-hard/jev_runs/all-maps-20260921-001/corridor/jev,corridor,jev_only,False,3,loss,0.5833333333333334,14,698851,33038,14.286,22.625
smac-hard/jev_runs/p0-astra-all-maps-20260922-001/corridor/jev,corridor,jev_gpt6,False,1,loss,0.625,15,778588,31424,18.214,98.719
smac-hard/jev_runs/p0-astra-all-maps-20260922-001/corridor/jev,corridor,jev_gpt6,False,2,loss,0.625,15,822229,29382,21.786,31.969
smac-hard/jev_runs/p0-astra-all-maps-20260922-001/corridor/jev,corridor,jev_gpt6,False,3,loss,0.5833333333333334,14,1032806,32658,27.5,56.188
smac-hard/jev_runs/all-maps-20260921-001/6h_vs_8z/jev,6h_vs_8z,jev_only,False,1,loss,0.0,0,178117,8590,6.429,24.657
smac-hard/jev_runs/all-maps-20260921-001/6h_vs_8z/jev,6h_vs_8z,jev_only,False,2,loss,0.0,0,180933,8530,6.786,8.75
smac-hard/jev_runs/all-maps-20260921-001/6h_vs_8z/jev,6h_vs_8z,jev_only,False,3,loss,0.125,1,190245,9118,7.143,9.75
smac-hard/jev_runs/p0-astra-all-maps-20260922-001/6h_vs_8z/jev,6h_vs_8z,jev_gpt6,False,1,loss,0.375,3,284728,9982,9.286,72.25
smac-hard/jev_runs/p0-astra-all-maps-20260922-001/6h_vs_8z/jev,6h_vs_8z,jev_gpt6,False,2,loss,0.375,3,266636,9351,8.571,10.86
smac-hard/jev_runs/p0-astra-all-maps-20260922-001/6h_vs_8z/jev,6h_vs_8z,jev_gpt6,False,3,loss,0.375,3,272875,9480,8.929,11.64
smac-hard/jev_runs/all-maps-20260921-001/2s_vs_1sc/jev,2s_vs_1sc,jev_only,False,1,loss,0.0,0,104732,3898,16.071,32.157
smac-hard/jev_runs/all-maps-20260921-001/2s_vs_1sc/jev,2s_vs_1sc,jev_only,False,2,loss,0.0,0,105490,3955,16.071,18.156
smac-hard/jev_runs/all-maps-20260921-001/2s_vs_1sc/jev,2s_vs_1sc,jev_only,False,3,loss,0.0,0,102812,3838,15.714,18.047
smac-hard/jev_runs/p0-astra-all-maps-20260922-001/2s_vs_1sc/jev,2s_vs_1sc,jev_gpt6,False,1,loss,0.0,0,207657,4739,16.071,90.281
smac-hard/jev_runs/p0-astra-all-maps-20260922-001/2s_vs_1sc/jev,2s_vs_1sc,jev_gpt6,False,2,loss,0.0,0,208699,4796,16.071,22.515
smac-hard/jev_runs/p0-astra-all-maps-20260922-001/2s_vs_1sc/jev,2s_vs_1sc,jev_gpt6,False,3,loss,0.0,0,211577,4925,16.071,19.578
smac-hard/jev_runs/all-maps-20260921-001/so_many_baneling/jev,so_many_baneling,jev_only,False,1,loss,0.4375,14,560728,8985,6.071,24.016
smac-hard/jev_runs/all-maps-20260921-001/so_many_baneling/jev,so_many_baneling,jev_only,False,2,loss,0.46875,15,548956,8320,6.071,9.453
smac-hard/jev_runs/all-maps-20260921-001/so_many_baneling/jev,so_many_baneling,jev_only,False,3,loss,0.53125,17,575195,9013,6.429,9.782
smac-hard/jev_runs/p0-astra-all-maps-20260922-001/so_many_baneling/jev,so_many_baneling,jev_gpt6,False,1,loss,0.78125,25,537906,8468,7.5,62.125
smac-hard/jev_runs/p0-astra-all-maps-20260922-001/so_many_baneling/jev,so_many_baneling,jev_gpt6,False,2,loss,0.53125,17,489004,7676,5.714,9.625
smac-hard/jev_runs/p0-astra-all-maps-20260922-001/so_many_baneling/jev,so_many_baneling,jev_gpt6,False,3,loss,0.46875,15,483783,7941,5.714,9.328
smac-hard/jev_runs/all-maps-20260921-001/bane_vs_bane/jev-retry-20260922-003027-436916,bane_vs_bane,jev_only,False,1,draw,1.0,24,1706144,63449,14.286,43.281
smac-hard/jev_runs/all-maps-20260921-001/bane_vs_bane/jev-retry-20260922-003027-436916,bane_vs_bane,jev_only,False,2,win,1.0,24,1424343,56410,7.143,18.359
smac-hard/jev_runs/all-maps-20260921-001/bane_vs_bane/jev-retry-20260922-003027-436916,bane_vs_bane,jev_only,False,3,draw,1.0,24,1905686,79297,8.214,23.687
smac-hard/jev_runs/p0-astra-all-maps-20260922-001/bane_vs_bane/jev-retry-20260922-201819-687502,bane_vs_bane,jev_gpt6,False,1,win,1.0,24,1529464,56947,6.071,70.5
smac-hard/jev_runs/p0-astra-all-maps-20260922-001/bane_vs_bane/jev-retry-20260922-201819-687502,bane_vs_bane,jev_gpt6,False,2,loss,0.8333333333333334,20,1622719,61810,7.143,17.219
smac-hard/jev_runs/p0-astra-all-maps-20260922-001/bane_vs_bane/jev-retry-20260922-201819-687502,bane_vs_bane,jev_gpt6,False,3,loss,0.5,12,1240624,43815,5.0,13.656
smac-hard/jev_runs/all-maps-20260921-001/2c_vs_64zg/jev,2c_vs_64zg,jev_only,False,1,loss,0.265625,17,366897,13452,6.429,23.438
smac-hard/jev_runs/all-maps-20260921-001/2c_vs_64zg/jev,2c_vs_64zg,jev_only,False,2,loss,0.125,8,515794,16574,9.643,15.047
smac-hard/jev_runs/all-maps-20260921-001/2c_vs_64zg/jev,2c_vs_64zg,jev_only,False,3,loss,0.296875,19,359594,12951,6.071,12.234
smac-hard/jev_runs/p0-astra-all-maps-20260922-001/2c_vs_64zg/jev,2c_vs_64zg,jev_gpt6,False,1,loss,0.71875,46,610352,21378,18.571,72.625
smac-hard/jev_runs/p0-astra-all-maps-20260922-001/2c_vs_64zg/jev,2c_vs_64zg,jev_gpt6,False,2,win,1.0,64,625120,23156,21.429,28.812
smac-hard/jev_runs/p0-astra-all-maps-20260922-001/2c_vs_64zg/jev,2c_vs_64zg,jev_gpt6,False,3,loss,0.546875,35,534548,19558,13.929,19.578
smac-hard/jev_runs/all-maps-20260921-001/2vr_vs_3sc/jev-retry-20260922-003154-123594,2vr_vs_3sc,jev_only,False,1,loss,0.0,0,62234,2062,7.857,23.282
smac-hard/jev_runs/all-maps-20260921-001/2vr_vs_3sc/jev-retry-20260922-003154-123594,2vr_vs_3sc,jev_only,False,2,loss,0.0,0,64695,2150,8.214,10.407
smac-hard/jev_runs/all-maps-20260921-001/2vr_vs_3sc/jev-retry-20260922-003154-123594,2vr_vs_3sc,jev_only,False,3,loss,0.0,0,61356,2005,7.857,9.484
smac-hard/jev_runs/p0-astra-all-maps-20260922-001/2vr_vs_3sc/jev,2vr_vs_3sc,jev_gpt6,False,1,loss,0.0,0,112508,2164,8.214,50.406
smac-hard/jev_runs/p0-astra-all-maps-20260922-001/2vr_vs_3sc/jev,2vr_vs_3sc,jev_gpt6,False,2,loss,0.0,0,112548,2164,8.214,9.813
smac-hard/jev_runs/p0-astra-all-maps-20260922-001/2vr_vs_3sc/jev,2vr_vs_3sc,jev_gpt6,False,3,loss,0.0,0,106944,2040,7.857,9.36
smac-hard/jev_runs/all-maps-20260921-001/3hl_vs_24zl/jev,3hl_vs_24zl,jev_only,False,1,loss,0.0,0,162776,7547,6.786,21.922
smac-hard/jev_runs/all-maps-20260921-001/3hl_vs_24zl/jev,3hl_vs_24zl,jev_only,False,2,loss,0.0,0,160318,7503,6.786,9.312
smac-hard/jev_runs/all-maps-20260921-001/3hl_vs_24zl/jev,3hl_vs_24zl,jev_only,False,3,loss,0.0,0,151845,7204,6.429,9.141
smac-hard/jev_runs/p0-astra-all-maps-20260922-001/3hl_vs_24zl/jev,3hl_vs_24zl,jev_gpt6,False,1,loss,0.125,3,196026,7141,7.143,66.875
smac-hard/jev_runs/p0-astra-all-maps-20260922-001/3hl_vs_24zl/jev,3hl_vs_24zl,jev_gpt6,False,2,loss,0.125,3,194030,7071,7.143,9.484
smac-hard/jev_runs/p0-astra-all-maps-20260922-001/3hl_vs_24zl/jev,3hl_vs_24zl,jev_gpt6,False,3,loss,0.20833333333333334,5,205438,8676,7.857,10.469
smac-hard/jev_runs/all-maps-20260921-001/3rp_vs_5zl/jev,3rp_vs_5zl,jev_only,False,1,loss,0.0,0,101897,3408,9.643,25.438
smac-hard/jev_runs/all-maps-20260921-001/3rp_vs_5zl/jev,3rp_vs_5zl,jev_only,False,2,loss,0.0,0,104031,3886,8.929,11.172
smac-hard/jev_runs/all-maps-20260921-001/3rp_vs_5zl/jev,3rp_vs_5zl,jev_only,False,3,loss,0.0,0,97681,2923,10.0,12.391
smac-hard/jev_runs/p0-astra-all-maps-20260922-001/3rp_vs_5zl/jev,3rp_vs_5zl,jev_gpt6,False,1,loss,0.0,0,170534,3083,10.357,72.593
smac-hard/jev_runs/p0-astra-all-maps-20260922-001/3rp_vs_5zl/jev,3rp_vs_5zl,jev_gpt6,False,2,loss,0.0,0,101942,2130,5.0,6.25
smac-hard/jev_runs/p0-astra-all-maps-20260922-001/3rp_vs_5zl/jev,3rp_vs_5zl,jev_gpt6,False,3,loss,0.0,0,179794,3302,11.071,13.578
smac-hard/jev_runs/all-maps-20260921-001/3rp_vs_24zl/jev,3rp_vs_24zl,jev_only,False,1,loss,0.0,0,156566,6620,5.0,20.0
smac-hard/jev_runs/all-maps-20260921-001/3rp_vs_24zl/jev,3rp_vs_24zl,jev_only,False,2,loss,0.0,0,157923,6386,5.357,8.187
smac-hard/jev_runs/all-maps-20260921-001/3rp_vs_24zl/jev,3rp_vs_24zl,jev_only,False,3,loss,0.0,0,174327,7559,5.357,7.797
smac-hard/jev_runs/p0-astra-all-maps-20260922-001/3rp_vs_24zl/jev,3rp_vs_24zl,jev_gpt6,False,1,loss,0.041666666666666664,1,167981,7044,5.714,52.641
smac-hard/jev_runs/p0-astra-all-maps-20260922-001/3rp_vs_24zl/jev,3rp_vs_24zl,jev_gpt6,False,2,loss,0.08333333333333333,2,168508,7401,5.714,7.562
smac-hard/jev_runs/p0-astra-all-maps-20260922-001/3rp_vs_24zl/jev,3rp_vs_24zl,jev_gpt6,False,3,loss,0.041666666666666664,1,169327,7023,5.714,7.657
smac-hard/jev_runs/all-maps-20260921-001/7q_vs_2bc/jev,7q_vs_2bc,jev_only,False,1,loss,0.0,0,391056,15391,23.571,44.375
smac-hard/jev_runs/all-maps-20260921-001/7q_vs_2bc/jev,7q_vs_2bc,jev_only,False,2,loss,0.0,0,371336,14898,21.786,29.328
smac-hard/jev_runs/all-maps-20260921-001/7q_vs_2bc/jev,7q_vs_2bc,jev_only,False,3,loss,0.0,0,371875,15093,21.786,29.14
smac-hard/jev_runs/p0-astra-all-maps-20260922-001/7q_vs_2bc/jev,7q_vs_2bc,jev_gpt6,False,1,loss,0.0,0,558142,15104,22.143,81.172
smac-hard/jev_runs/p0-astra-all-maps-20260922-001/7q_vs_2bc/jev,7q_vs_2bc,jev_gpt6,False,2,loss,0.0,0,542868,14718,21.429,27.937
smac-hard/jev_runs/p0-astra-all-maps-20260922-001/7q_vs_2bc/jev,7q_vs_2bc,jev_gpt6,False,3,loss,0.0,0,541542,14613,21.429,27.703
smac-hard/jev_runs/all-maps-20260921-001/3st_vs_5zl/jev,3st_vs_5zl,jev_only,False,1,loss,0.2,1,165420,6368,13.214,30.703
smac-hard/jev_runs/all-maps-20260921-001/3st_vs_5zl/jev,3st_vs_5zl,jev_only,False,2,loss,0.0,0,166229,6253,12.857,16.984
smac-hard/jev_runs/all-maps-20260921-001/3st_vs_5zl/jev,3st_vs_5zl,jev_only,False,3,loss,0.0,0,169670,6557,13.214,17.828
smac-hard/jev_runs/p0-astra-all-maps-20260922-001/3st_vs_5zl/jev,3st_vs_5zl,jev_gpt6,False,1,loss,0.2,1,284450,6604,14.286,70.61
smac-hard/jev_runs/p0-astra-all-maps-20260922-001/3st_vs_5zl/jev,3st_vs_5zl,jev_gpt6,False,2,loss,0.2,1,274150,6424,13.214,16.282
smac-hard/jev_runs/p0-astra-all-maps-20260922-001/3st_vs_5zl/jev,3st_vs_5zl,jev_gpt6,False,3,loss,0.2,1,270827,6339,13.214,16.562
smac-hard/jev_runs/all-maps-20260921-001/6m_vs_10m/jev,6m_vs_10m,jev_only,False,1,loss,0.0,0,146244,7298,6.786,22.766
smac-hard/jev_runs/all-maps-20260921-001/6m_vs_10m/jev,6m_vs_10m,jev_only,False,2,loss,0.0,0,149593,7327,7.143,10.313
smac-hard/jev_runs/all-maps-20260921-001/6m_vs_10m/jev,6m_vs_10m,jev_only,False,3,loss,0.0,0,147850,7208,7.143,9.906
smac-hard/jev_runs/p0-astra-all-maps-20260922-001/6m_vs_10m/jev,6m_vs_10m,jev_gpt6,False,1,loss,0.2,2,297353,8911,10.357,62.844
smac-hard/jev_runs/p0-astra-all-maps-20260922-001/6m_vs_10m/jev,6m_vs_10m,jev_gpt6,False,2,loss,0.3,3,295339,9834,10.714,13.938
smac-hard/jev_runs/p0-astra-all-maps-20260922-001/6m_vs_10m/jev,6m_vs_10m,jev_gpt6,False,3,loss,0.1,1,279489,7684,9.643,12.469
smac-hard/jev_runs/all-maps-20260921-001/mmmt_vs_zspi/jev,mmmt_vs_zspi,jev_only,False,1,loss,0.1875,3,1745725,69332,14.643,41.594
smac-hard/jev_runs/all-maps-20260921-001/mmmt_vs_zspi/jev,mmmt_vs_zspi,jev_only,False,2,loss,0.25,4,1705088,70106,14.643,42.359
smac-hard/jev_runs/all-maps-20260921-001/mmmt_vs_zspi/jev,mmmt_vs_zspi,jev_only,False,3,loss,0.0625,1,1598782,64722,13.214,21.547
smac-hard/jev_runs/p0-astra-all-maps-20260922-001/mmmt_vs_zspi/jev,mmmt_vs_zspi,jev_gpt6,False,1,loss,0.5,8,2277216,60157,20.714,85.469
smac-hard/jev_runs/p0-astra-all-maps-20260922-001/mmmt_vs_zspi/jev,mmmt_vs_zspi,jev_gpt6,False,2,loss,0.4375,7,2062172,61147,17.5,32.187
smac-hard/jev_runs/p0-astra-all-maps-20260922-001/mmmt_vs_zspi/jev,mmmt_vs_zspi,jev_gpt6,False,3,loss,0.5,8,2109947,64401,17.857,30.609
smac-hard/jev_runs/all-maps-20260921-001/unit_test/jev,unit_test,jev_only,True,1,loss,0.0,0,31460,714,3.571,17.969
smac-hard/jev_runs/all-maps-20260921-001/unit_test/jev,unit_test,jev_only,True,2,loss,0.0,0,23070,521,3.214,3.625
smac-hard/jev_runs/all-maps-20260921-001/unit_test/jev,unit_test,jev_only,True,3,loss,0.0,0,23074,521,3.214,3.704
smac-hard/jev_runs/p0-astra-all-maps-20260922-001/unit_test/jev,unit_test,jev_gpt6,True,1,loss,0.0,0,62075,1075,7.143,64.0
smac-hard/jev_runs/p0-astra-all-maps-20260922-001/unit_test/jev,unit_test,jev_gpt6,True,2,loss,0.0,0,76346,1239,7.857,9.14
smac-hard/jev_runs/p0-astra-all-maps-20260922-001/unit_test/jev,unit_test,jev_gpt6,True,3,loss,0.0,0,76405,1215,7.857,9.25
smac-hard/jev_runs/all-maps-20260921-001/mmmt/jev,mmmt,jev_only,False,1,loss,0.09090909090909091,2,1748001,65485,12.143,40.437
smac-hard/jev_runs/all-maps-20260921-001/mmmt/jev,mmmt,jev_only,False,2,loss,0.0,0,1667155,60179,12.143,26.703
smac-hard/jev_runs/all-maps-20260921-001/mmmt/jev,mmmt,jev_only,False,3,loss,0.0,0,1759288,63251,12.5,27.328
smac-hard/jev_runs/p0-astra-all-maps-20260922-001/mmmt/jev,mmmt,jev_gpt6,False,1,win,0.9090909090909091,20,2664904,66899,21.429,87.031
smac-hard/jev_runs/p0-astra-all-maps-20260922-001/mmmt/jev,mmmt,jev_gpt6,False,2,win,0.9090909090909091,20,2931335,76377,25.357,47.938
smac-hard/jev_runs/p0-astra-all-maps-20260922-001/mmmt/jev,mmmt,jev_gpt6,False,3,loss,0.8181818181818182,18,3313769,80234,37.5,71.14
smac-hard/jev_runs/all-maps-20260921-001/mmmt_vs_zhb/jev,mmmt_vs_zhb,jev_only,False,1,loss,0.06521739130434782,3,4283920,131553,12.5,59.547
smac-hard/jev_runs/all-maps-20260921-001/mmmt_vs_zhb/jev,mmmt_vs_zhb,jev_only,False,2,loss,0.08695652173913043,4,4322788,129170,12.143,46.796
smac-hard/jev_runs/all-maps-20260921-001/mmmt_vs_zhb/jev,mmmt_vs_zhb,jev_only,False,3,loss,0.08695652173913043,4,3267308,96948,11.429,37.078
smac-hard/jev_runs/p0-astra-all-maps-20260922-001/mmmt_vs_zhb/jev,mmmt_vs_zhb,jev_gpt6,False,1,loss,0.5217391304347826,24,3125536,94594,15.714,107.062
smac-hard/jev_runs/p0-astra-all-maps-20260922-001/mmmt_vs_zhb/jev,mmmt_vs_zhb,jev_gpt6,False,2,loss,0.45652173913043476,21,3006772,87027,14.643,36.031
smac-hard/jev_runs/p0-astra-all-maps-20260922-001/mmmt_vs_zhb/jev,mmmt_vs_zhb,jev_gpt6,False,3,loss,0.5,23,3258341,96043,15.714,41.282
smac-hard/jev_runs/all-maps-20260921-001/pvt_large/jev,pvt_large,jev_only,True,1,loss,0.6,18,17462682,262870,47.5,193.343
smac-hard/jev_runs/all-maps-20260921-001/pvt_large/jev,pvt_large,jev_only,True,2,loss,0.6333333333333333,19,19136931,263644,52.857,194.484
smac-hard/jev_runs/all-maps-20260921-001/pvt_large/jev,pvt_large,jev_only,True,3,loss,0.7,21,17990001,252344,52.143,184.547
smac-hard/jev_runs/p0-astra-all-maps-20260922-001/pvt_large/jev,pvt_large,jev_gpt6,True,1,loss,0.2,6,28117268,246972,40.0,319.141
smac-hard/jev_runs/p0-astra-all-maps-20260922-001/pvt_large/jev,pvt_large,jev_gpt6,True,2,loss,0.3,9,24154134,241998,41.786,211.781
smac-hard/jev_runs/p0-astra-all-maps-20260922-001/pvt_large/jev,pvt_large,jev_gpt6,True,3,loss,0.3,9,24868421,233694,38.929,224.344
