track,method,scope,map,development_map,run,method_name,episodes,result,wall_seconds,game_seconds,JEV_requests,GPT6_requests,JEV_usd,GPT6_usd,JEV_input,JEV_output,GPT6_input,GPT6_output,GPT6_cached,GPT6_cache_write,JEV_known_responses,GPT6_known_responses,JEV_unknown_attempts,GPT6_unknown_attempts,total_usd,JEV_n,JEV_median_ms,JEV_p95_ms,JEV_p90_ms,JEV_max_ms,JEV_mean_ms,GPT6_n,GPT6_median_ms,GPT6_p95_ms,GPT6_p90_ms,GPT6_max_ms,GPT6_mean_ms,level,seed,first_attack_seconds,replay_game_seconds
micro,jev_only,main,3m,False,smac-hard/jev_runs/all-maps-20260921-001/3m/jev,JEV-only,3,,41.406,22.143,62,0,0.009225090000000003,0.0,219645,9321,0,0,0,0,62,0,0,0,0.009225090000000003,62,382.49999999970896,577.2500000011859,481.0000000004947,2155.9999999990396,433.3870967740598,0,,,,,,,,,
micro,jev_gpt6,main,3m,False,smac-hard/jev_runs/p0-astra-all-maps-20260922-001/3m/jev,JEV + GPT-6,3,,108.579,32.141999999999996,91,1,0.019407024000000005,0.1773,462072,10666,14565,633,0,0,90,1,1,0,0.196707024,90,406.00000000267755,484.5499999988533,468.99999999732245,5656.000000002678,474.9555555555465,1,38875.0,38875.0,38875.0,38875.0,38875.0,,,,
micro,jev_only,main,8m,False,smac-hard/jev_runs/all-maps-20260921-001/8m/jev,JEV-only,3,,48.86,22.857,64,0,0.027300293999999996,0.0,650007,30535,0,0,0,0,64,0,0,0,0.027300293999999996,64,468.99999999914144,685.5999999983395,651.1999999991531,1265.9999999996217,509.73437499976626,0,,,,,,,,,
micro,jev_gpt6,main,8m,False,smac-hard/jev_runs/p0-astra-all-maps-20260922-001/8m/jev,JEV + GPT-6,3,,112.422,31.427999999999997,90,1,0.04286121000000002,0.21642,1020505,33716,18322,664,0,0,88,1,2,0,0.25928121000000004,88,468.50000000267755,514.9999999994179,500.0,1843.9999999973224,471.54545454527994,1,36844.000000011874,36844.000000011874,36844.000000011874,36844.000000011874,36844.000000011874,,,,
micro,jev_only,main,25m,False,smac-hard/jev_runs/all-maps-20260921-001/25m/jev,JEV-only,3,,67.125,22.143,235,0,0.165487728,0.0,3940184,151416,0,0,0,0,235,0,0,0,0.165487728,235,500.0,743.6000000001508,672.000000000844,1405.9999999990396,541.6978723405454,0,,,,,,,,,
micro,jev_gpt6,main,25m,False,smac-hard/jev_runs/p0-astra-all-maps-20260922-001/25m/jev,JEV + GPT-6,3,,157.015,35.0,269,1,0.19660863600000011,0.34482,4681158,114081,31017,693,0,0,268,1,1,0,0.5414286360000001,268,500.0,650.7499999977878,567.4999999944705,5875.0,670.1492537307134,1,42625.0,42625.0,42625.0,42625.0,42625.0,,,,
micro,jev_only,main,5m_vs_6m,False,smac-hard/jev_runs/all-maps-20260921-001/5m_vs_6m/jev,JEV-only,3,,39.188,19.644,55,0,0.014962542000000006,0.0,356251,16005,0,0,0,0,55,0,0,0,0.014962542000000006,55,422.0000000022992,594.0000000009604,556.5999999984342,967.9999999971187,450.27272727265057,0,,,,,,,,,
micro,jev_gpt6,main,5m_vs_6m,False,smac-hard/jev_runs/p0-astra-all-maps-20260922-001/5m_vs_6m/jev,JEV + GPT-6,3,,98.891,23.214,65,1,0.024209598000000006,0.19456,576419,15939,16111,669,0,0,65,1,0,0,0.218769598,65,422.0000000059372,485.0000000005821,478.600000005099,4922.000000005937,500.061538461551,1,46906.99999999197,46906.99999999197,46906.99999999197,46906.99999999197,46906.99999999197,,,,
micro,jev_only,main,8m_vs_9m,False,smac-hard/jev_runs/all-maps-20260921-001/8m_vs_9m/jev,JEV-only,3,,42.187,20.357999999999997,57,0,0.025736340000000007,0.0,612770,28434,0,0,0,0,57,0,0,0,0.025736340000000007,57,452.9999999977008,646.3999999992665,606.4000000005763,1046.9999999986612,485.2280701755565,0,,,,,,,,,
micro,jev_gpt6,main,8m_vs_9m,False,smac-hard/jev_runs/p0-astra-all-maps-20260922-001/8m_vs_9m/jev,JEV + GPT-6,3,,114.36,25.356,73,1,0.036348984,0.21834,865452,28320,18374,692,0,0,71,1,2,0,0.254688984,71,453.9999999979045,609.4999999986612,546.9999999913853,3281.0000000026776,510.52112675999115,1,37172.00000000594,37172.00000000594,37172.00000000594,37172.00000000594,37172.00000000594,,,,
micro,jev_only,main,10m_vs_11m,False,smac-hard/jev_runs/all-maps-20260921-001/10m_vs_11m/jev,JEV-only,3,,46.11,21.429,68,0,0.036197112000000004,0.0,861836,40129,0,0,0,0,68,0,0,0,0.036197112000000004,68,469.0000000009604,734.6500000005108,676.7999999996392,1218.9999999973224,512.0882352941194,0,,,,,,,,,
micro,jev_gpt6,main,10m_vs_11m,False,smac-hard/jev_runs/p0-astra-all-maps-20260922-001/10m_vs_11m/jev,JEV + GPT-6,3,,94.75,26.786,75,1,0.04451760600000001,0.23195,1059943,35815,19870,665,0,0,75,1,0,0,0.276467606,75,500.0,598.5000000015134,577.9999999940628,1343.9999999973224,503.8266666664276,1,35343.99999999732,35343.99999999732,35343.99999999732,35343.99999999732,35343.99999999732,,,,
micro,jev_only,main,27m_vs_30m,False,smac-hard/jev_runs/all-maps-20260921-001/27m_vs_30m/jev,JEV-only,3,,72.063,20.357999999999997,312,0,0.2097493020000001,0.0,4994031,160259,0,0,0,0,312,0,0,0,0.2097493020000001,312,485.0000000005821,686.9999999997162,640.9999999996217,1389.999999999418,521.1121794870963,0,,,,,,,,,
micro,jev_gpt6,main,27m_vs_30m,False,smac-hard/jev_runs/p0-astra-all-maps-20260922-001/27m_vs_30m/jev,JEV + GPT-6,3,,144.078,33.214,331,1,0.2385437459999999,0.39237,5679613,104205,35667,714,0,0,331,1,0,0,0.6309137459999998,331,515.9999999887077,610.0000000005821,578.0000000086147,5702.999999994063,573.5709969788927,1,43171.999999991385,43171.999999991385,43171.999999991385,43171.999999991385,43171.999999991385,,,,
micro,jev_only,main,MMM,False,smac-hard/jev_runs/all-maps-20260921-001/MMM/jev,JEV-only,3,,60.016,31.786,89,0,0.04950455999999998,0.0,1178680,48702,0,0,0,0,89,0,0,0,0.04950455999999998,89,468.0000000007567,718.6000000008789,643.9999999995052,1530.9999999990396,499.3033707864158,0,,,,,,,,,
micro,jev_gpt6,main,MMM,False,smac-hard/jev_runs/p0-astra-all-maps-20260922-001/MMM/jev,JEV + GPT-6,3,,151.032,62.5,175,1,0.100043286,0.2362,2381983,75009,20160,692,0,0,175,1,0,0,0.336243286,175,468.99999999732245,567.49999999447,540.9999999974387,5718.999999997322,507.19428571398436,1,39672.00000000594,39672.00000000594,39672.00000000594,39672.00000000594,39672.00000000594,,,,
micro,jev_only,main,MMM2,False,smac-hard/jev_runs/all-maps-20260921-001/MMM2/jev,JEV-only,3,,53.093,25.713,84,0,0.04524828000000001,0.0,1077340,43160,0,0,0,0,84,0,0,0,0.04524828000000001,84,469.0000000009604,683.3499999984267,620.5000000001746,1219.0000000009604,509.67857142846435,0,,,,,,,,,
micro,jev_gpt6,main,MMM2,False,smac-hard/jev_runs/p0-astra-all-maps-20260922-001/MMM2/jev,JEV + GPT-6,3,,122.188,34.286,105,1,0.062470632000000005,0.239,1487396,45489,20170,746,0,0,105,1,0,0,0.301470632,105,485.0000000005821,590.7999999995809,562.9999999946449,3389.999999999418,558.4380952379433,1,45016.00000000326,45016.00000000326,45016.00000000326,45016.00000000326,45016.00000000326,,,,
micro,jev_only,main,2s3z,False,smac-hard/jev_runs/all-maps-20260921-001/2s3z/jev,JEV-only,3,,96.36,65.0,182,0,0.042411894,0.0,1009807,44339,0,0,0,0,182,0,0,0,0.042411894,182,421.9999999986612,594.0000000009604,560.4999999985013,984.0000000003783,440.39560439557465,0,,,,,,,,,
micro,jev_gpt6,main,2s3z,False,smac-hard/jev_runs/p0-astra-all-maps-20260922-001/2s3z/jev,JEV + GPT-6,3,,118.0,54.643,153,1,0.056868126000000005,0.1974,1354003,37647,16300,688,0,0,153,1,0,0,0.254268126,153,437.0000000053551,490.4000000067755,468.99999999732245,2281.9999999919673,440.8954248362825,1,31031.000000002678,31031.000000002678,31031.000000002678,31031.000000002678,31031.000000002678,,,,
micro,jev_only,main,3s5z,False,smac-hard/jev_runs/all-maps-20260921-001/3s5z/jev,JEV-only,3,,85.296,50.715,142,0,0.062575044,0.0,1489882,67354,0,0,0,0,142,0,0,0,0.062575044,142,468.4999999990396,672.0000000021173,623.400000000038,1360.000000000582,487.28873239449223,0,,,,,,,,,
micro,jev_gpt6,main,3s5z,False,smac-hard/jev_runs/p0-astra-all-maps-20260922-001/3s5z/jev,JEV + GPT-6,3,,155.969,68.928,193,1,0.09233670599999996,0.2216,2198493,66114,18540,724,0,0,193,1,0,0,0.31393670599999995,193,467.99999999348074,547.0000000059372,516.0000000032596,1250.0,466.4145077718512,1,41031.00000000268,41031.00000000268,41031.00000000268,41031.00000000268,41031.00000000268,,,,
micro,jev_only,main,3s5z_vs_3s6z,False,smac-hard/jev_runs/all-maps-20260921-001/3s5z_vs_3s6z/jev,JEV-only,3,,78.422,43.215,121,0,0.05844757799999999,0.0,1391609,63763,0,0,0,0,121,0,0,0,0.05844757799999999,121,469.0000000009604,702.9999999977008,655.9999999990396,2077.999999997701,512.5206611568697,0,,,,,,,,,
micro,jev_gpt6,main,3s5z_vs_3s6z,False,smac-hard/jev_runs/p0-astra-all-maps-20260922-001/3s5z_vs_3s6z/jev,JEV + GPT-6,3,,135.906,47.5,133,1,0.07480981200000003,0.23425,1781186,59890,19610,763,0,0,133,1,0,0,0.30905981200000004,133,468.99999999732245,584.4000000040977,559.0000000025611,5657.000000006519,518.4360902254904,1,39968.99999999732,39968.99999999732,39968.99999999732,39968.99999999732,39968.99999999732,,,,
micro,jev_only,main,3s_vs_3z,False,smac-hard/jev_runs/all-maps-20260921-001/3s_vs_3z/jev,JEV-only,3,,64.047,39.285,110,0,0.018376679999999996,0.0,437540,18671,0,0,0,0,110,0,0,0,0.018376679999999996,110,407.0000000028813,579.4999999992796,486.500000000524,1077.9999999977008,428.13636363644036,0,,,,,,,,,
micro,jev_gpt6,main,3s_vs_3z,False,smac-hard/jev_runs/p0-astra-all-maps-20260922-001/3s_vs_3z/jev,JEV + GPT-6,3,,107.89,46.071,129,1,0.03493896000000001,0.10881,831880,22560,14543,650,7680,0,129,1,0,0,0.14374896,129,421.99999999138527,493.6000000045168,468.00000000803266,1233.9999999967404,428.8837209303526,1,34453.000000008615,34453.000000008615,34453.000000008615,34453.000000008615,34453.000000008615,,,,
micro,jev_only,main,3s_vs_4z,False,smac-hard/jev_runs/all-maps-20260921-001/3s_vs_4z/jev,JEV-only,3,,53.094,32.141999999999996,90,0,0.01683927,0.0,400935,17222,0,0,0,0,90,0,0,0,0.01683927,90,405.9999999990396,617.8000000001703,478.3000000010369,891.0000000032596,428.43333333342645,0,,,,,,,,,
micro,jev_gpt6,main,3s_vs_4z,False,smac-hard/jev_runs/p0-astra-all-maps-20260922-001/3s_vs_4z/jev,JEV + GPT-6,3,,105.547,39.641999999999996,111,1,0.03129273000000001,0.17869,745065,19519,14569,660,0,0,111,1,0,0,0.20998273,111,422.0000000059372,484.4999999986612,468.99999999732245,4266.00000000326,459.8828828831986,1,35750.0,35750.0,35750.0,35750.0,35750.0,,,,
micro,jev_only,main,3s_vs_5z,False,smac-hard/jev_runs/all-maps-20260921-001/3s_vs_5z/jev,JEV-only,3,,49.344,28.215,79,0,0.016189362000000002,0.0,385461,16531,0,0,0,0,79,0,0,0,0.016189362000000002,79,421.9999999986612,593.1000000007771,530.9999999990396,905.9999999990396,440.4683544303628,0,,,,,,,,,
micro,jev_gpt6,main,3s_vs_5z,False,smac-hard/jev_runs/p0-astra-all-maps-20260922-001/3s_vs_5z/jev,JEV + GPT-6,3,,97.203,31.070999999999998,87,1,0.026333244000000002,0.17879,626982,16519,14549,666,0,0,87,1,0,0,0.205123244,87,452.9999999940628,526.4999999984866,500.0,1202.9999999940628,461.0229885053751,1,41688.0000000092,41688.0000000092,41688.0000000092,41688.0000000092,41688.0000000092,,,,
micro,jev_only,main,1c3s5z,False,smac-hard/jev_runs/all-maps-20260921-001/1c3s5z/jev,JEV-only,3,,79.516,47.143,132,0,0.06672846599999997,0.0,1588773,73125,0,0,0,0,132,0,0,0,0.06672846599999997,132,468.99999999732245,672.0000000002983,621.9000000000963,1063.0000000019209,481.2196969694262,0,,,,,,,,,
micro,jev_gpt6,main,1c3s5z,False,smac-hard/jev_runs/p0-astra-all-maps-20260922-001/1c3s5z/jev,JEV + GPT-6,3,,201.469,51.785,147,1,0.08149755600000004,0.16114,1940418,61620,19516,702,7680,0,145,1,2,0,0.24263755600000003,145,531.0000000026776,3559.6000000077524,1143.6000000016063,6937.000000005355,859.7862068968143,1,35014.99999999942,35014.99999999942,35014.99999999942,35014.99999999942,35014.99999999942,,,,
micro,jev_only,main,2m_vs_1z,False,smac-hard/jev_runs/all-maps-20260921-001/2m_vs_1z/jev,JEV-only,3,,36.5,19.644,55,0,0.005457228000000001,0.0,129934,5040,0,0,0,0,55,0,0,0,0.005457228000000001,55,375.0,567.5000000017462,549.5999999999185,1000.0,407.6727272725706,0,,,,,,,,,
micro,jev_gpt6,main,2m_vs_1z,False,smac-hard/jev_runs/p0-astra-all-maps-20260922-001/2m_vs_1z/jev,JEV + GPT-6,3,,82.953,26.786,75,1,0.013593972000000005,0.18108,323666,7024,14783,665,0,0,75,1,0,0,0.194673972,75,391.00000000325963,483.99999999674037,446.99999999429576,1250.0,411.99999999972835,1,33358.99999999674,33358.99999999674,33358.99999999674,33358.99999999674,33358.99999999674,,,,
micro,jev_only,main,corridor,False,smac-hard/jev_runs/all-maps-20260921-001/corridor/jev,JEV-only,3,,77.75,41.072,164,0,0.08673550199999999,0.0,2065131,98655,0,0,0,0,164,0,0,0,0.08673550199999999,164,485.0000000005821,732.4500000006082,656.7000000002736,1062.000000005355,514.384146341621,0,,,,,,,,,
micro,jev_gpt6,main,corridor,False,smac-hard/jev_runs/p0-astra-all-maps-20260922-001/corridor/jev,JEV + GPT-6,3,,187.219,67.5,210,1,0.11061216599999996,0.21785,2633623,93464,18415,674,0,0,208,1,2,0,0.32846216599999994,208,468.99999999732245,656.6499999957159,577.9999999940628,5656.000000002678,566.2403846148524,1,38891.00000000326,38891.00000000326,38891.00000000326,38891.00000000326,38891.00000000326,,,,
micro,jev_only,main,6h_vs_8z,False,smac-hard/jev_runs/all-maps-20260921-001/6h_vs_8z/jev,JEV-only,3,,43.407,20.358,57,0,0.023070389999999993,0.0,549295,26238,0,0,0,0,57,0,0,0,0.023070389999999993,57,453.0000000013388,662.6000000003834,625.0,1328.0000000013388,500.73684210515796,0,,,,,,,,,
micro,jev_gpt6,main,6h_vs_8z,False,smac-hard/jev_runs/p0-astra-all-maps-20260922-001/6h_vs_8z/jev,JEV + GPT-6,3,,95.11,26.786,75,1,0.034618038,0.2022,824239,28813,23717,683,7680,0,75,1,0,0,0.23681803799999998,75,437.9999999946449,515.3000000005704,485.0000000005821,2359.0000000112923,466.65333333347616,1,41610.00000000058,41610.00000000058,41610.00000000058,41610.00000000058,41610.00000000058,,,,
micro,jev_only,main,2s_vs_1sc,False,smac-hard/jev_runs/all-maps-20260921-001/2s_vs_1sc/jev,JEV-only,3,,68.625,47.856,134,0,0.013147427999999996,0.0,313034,11691,0,0,0,0,134,0,0,0,0.013147427999999996,134,375.0,552.2499999984574,530.9999999954016,1046.9999999986612,402.3656716413662,0,,,,,,,,,
micro,jev_gpt6,main,2s_vs_1sc,False,smac-hard/jev_runs/p0-astra-all-maps-20260922-001/2s_vs_1sc/jev,JEV + GPT-6,3,,132.688,48.21300000000001,136,1,0.026373186000000017,0.18456,627933,14460,14601,771,0,0,135,1,1,0,0.21093318600000002,135,406.00000000267755,500.0,453.00000000861473,4280.999999988126,443.6222222226206,1,42889.99999999942,42889.99999999942,42889.99999999942,42889.99999999942,42889.99999999942,,,,
micro,jev_only,main,so_many_baneling,False,smac-hard/jev_runs/all-maps-20260921-001/so_many_baneling/jev,JEV-only,3,,43.516,18.570999999999998,137,0,0.070764918,0.0,1684879,26318,0,0,0,0,137,0,0,0,0.070764918,137,484.00000000401633,678.2000000050172,625.0,1125.0,507.5328467154292,0,,,,,,,,,
micro,jev_gpt6,main,so_many_baneling,False,smac-hard/jev_runs/p0-astra-all-maps-20260922-001/so_many_baneling/jev,JEV + GPT-6,3,,81.39,18.928,96,1,0.063449106,0.52006,1510693,24085,48531,695,0,0,96,1,0,0,0.5835091059999999,96,500.0,582.0000000057917,562.5,1389.999999999418,518.2083333332533,1,31422.000000005937,31422.000000005937,31422.000000005937,31422.000000005937,31422.000000005937,,,,
micro,jev_only,main,bane_vs_bane,False,smac-hard/jev_runs/all-maps-20260921-001/bane_vs_bane/jev-retry-20260922-003027-436916,JEV-only,3,,85.578,29.643,302,0,0.21151926599999987,0.0,5036173,199156,0,0,0,0,302,0,0,0,0.21151926599999987,302,531.0000000026776,780.2500000027064,671.9999999986612,1516.0000000032596,558.6556291391449,0,,,,,,,,,
micro,jev_gpt6,main,bane_vs_bane,False,smac-hard/jev_runs/p0-astra-all-maps-20260922-001/bane_vs_bane/jev-retry-20260922-201819-687502,JEV + GPT-6,3,,101.703,18.214,237,1,0.18449789400000005,1.06017,4392807,162572,102297,744,0,0,237,1,0,0,1.244667894,237,531.0000000026776,608.9999999967404,593.4000000037486,5828.9999999979045,620.7299578058355,1,35375.0,35375.0,35375.0,35375.0,35375.0,,,,
micro,jev_only,main,2c_vs_64zg,False,smac-hard/jev_runs/all-maps-20260921-001/2c_vs_64zg/jev,JEV-only,3,,50.985,22.143,94,0,0.05217597000000003,0.0,1242285,42977,0,0,0,0,94,0,0,0,0.05217597000000003,94,500.0,761.6499999960065,620.5000000001746,2343.9999999973224,551.3510638297606,0,,,,,,,,,
micro,jev_gpt6,main,2c_vs_64zg,False,smac-hard/jev_runs/p0-astra-all-maps-20260922-001/2c_vs_64zg/jev,JEV + GPT-6,3,,121.359,53.929,151,1,0.07434084000000002,0.33657,1770020,64092,37109,692,7680,0,151,1,0,0,0.41091084,151,467.99999999348074,531.9999999992433,516.0000000032596,1343.9999999973224,469.40397350948274,1,29921.000000002095,29921.000000002095,29921.000000002095,29921.000000002095,29921.000000002095,,,,
micro,jev_only,main,2vr_vs_3sc,False,smac-hard/jev_runs/all-maps-20260921-001/2vr_vs_3sc/jev-retry-20260922-003154-123594,JEV-only,3,,43.407,23.928,67,0,0.00790797,0.0,188285,6217,0,0,0,0,67,0,0,0,0.00790797,67,406.00000000267755,583.6999999999533,475.4000000029919,1030.9999999954016,426.1044776117092,0,,,,,,,,,
micro,jev_gpt6,main,2vr_vs_3sc,False,smac-hard/jev_runs/p0-astra-all-maps-20260922-001/2vr_vs_3sc/jev,JEV + GPT-6,3,,69.907,24.285,68,1,0.013944000000000002,0.17509,332000,6368,14204,661,0,0,68,1,0,0,0.189034,68,406.00000000267755,494.39999999885913,452.9999999984284,1233.9999999967404,425.0735294119616,1,25968.000000008033,25968.000000008033,25968.000000008033,25968.000000008033,25968.000000008033,,,,
micro,jev_only,main,3hl_vs_24zl,False,smac-hard/jev_runs/all-maps-20260921-001/3hl_vs_24zl/jev,JEV-only,3,,40.641,20.000999999999998,56,0,0.019947438,0.0,474939,22254,0,0,0,0,56,0,0,0,0.019947438,56,468.4999999990396,667.7500000023429,578.0000000013388,875.0,480.9107142852684,0,,,,,,,,,
micro,jev_gpt6,main,3hl_vs_24zl,False,smac-hard/jev_runs/p0-astra-all-maps-20260922-001/3hl_vs_24zl/jev,JEV + GPT-6,3,,87.172,22.143,62,1,0.025010748000000006,0.19252,595494,22888,15572,736,0,0,62,1,0,0,0.217530748,62,453.00000000861473,577.2499999940918,515.9000000028755,1233.9999999967404,469.7741935475102,1,43016.00000000326,43016.00000000326,43016.00000000326,43016.00000000326,43016.00000000326,,,,
micro,jev_only,main,3rp_vs_5zl,False,smac-hard/jev_runs/all-maps-20260921-001/3rp_vs_5zl/jev,JEV-only,3,,49.266,28.572000000000003,80,0,0.012751578,0.0,303609,10217,0,0,0,0,80,0,0,0,0.012751578,80,406.9999999992433,594.7499999972933,519.0000000031434,921.9999999986612,438.6874999999236,0,,,,,,,,,
micro,jev_gpt6,main,3rp_vs_5zl,False,smac-hard/jev_runs/p0-astra-all-maps-20260922-001/3rp_vs_5zl/jev,JEV + GPT-6,3,,92.766,26.427999999999997,74,1,0.018995340000000006,0.21252,452270,8515,17707,709,0,0,74,1,0,0,0.23151534,74,421.49999999674037,505.60000000114076,479.5000000071014,5671.0000000020955,491.95945945865714,1,41235.00000000058,41235.00000000058,41235.00000000058,41235.00000000058,41235.00000000058,,,,
micro,jev_only,main,3rp_vs_24zl,False,smac-hard/jev_runs/all-maps-20260921-001/3rp_vs_24zl/jev,JEV-only,3,,36.25,15.714,44,0,0.020530272,0.0,488816,20565,0,0,0,0,44,0,0,0,0.020530272,44,485.0000000005821,664.9499999988622,620.1999999990221,875.0,508.49999999974733,0,,,,,,,,,
micro,jev_gpt6,main,3rp_vs_24zl,False,smac-hard/jev_runs/p0-astra-all-maps-20260922-001/3rp_vs_24zl/jev,JEV + GPT-6,3,,68.188,17.142000000000003,48,1,0.021244272,0.18089,505816,21468,14549,708,0,0,48,1,0,0,0.202134272,48,453.00000000861473,515.9999999981665,500.0,1343.9999999973224,474.93749999982055,1,30656.000000002678,30656.000000002678,30656.000000002678,30656.000000002678,30656.000000002678,,,,
micro,jev_only,main,7q_vs_2bc,False,smac-hard/jev_runs/all-maps-20260921-001/7q_vs_2bc/jev,JEV-only,3,,103.11,67.143,188,0,0.04763921399999999,0.0,1134267,45382,0,0,0,0,188,0,0,0,0.04763921399999999,188,438.00000000192085,625.0,582.5000000011644,1046.9999999986612,461.68617021279755,0,,,,,,,,,
micro,jev_gpt6,main,7q_vs_2bc,False,smac-hard/jev_runs/p0-astra-all-maps-20260922-001/7q_vs_2bc/jev,JEV + GPT-6,3,,137.141,65.001,182,1,0.06898718400000003,0.21456,1642552,44435,18276,636,0,0,182,1,0,0,0.283547184,182,445.5000000016298,515.2000000030964,500.0,1281.0000000026776,452.1868131872667,1,38093.99999999732,38093.99999999732,38093.99999999732,38093.99999999732,38093.99999999732,,,,
micro,jev_only,main,3st_vs_5zl,False,smac-hard/jev_runs/all-maps-20260921-001/3st_vs_5zl/jev,JEV-only,3,,65.781,39.285,110,0,0.021055398000000006,0.0,501319,19178,0,0,0,0,110,0,0,0,0.021055398000000006,110,437.0000000053551,610.0000000005821,581.1000000008792,889.9999999994179,462.07272727293787,0,,,,,,,,,
micro,jev_gpt6,main,3st_vs_5zl,False,smac-hard/jev_runs/p0-astra-all-maps-20260922-001/3st_vs_5zl/jev,JEV + GPT-6,3,,103.797,40.714,114,1,0.03483593399999999,0.21668,829427,19367,18143,705,0,0,114,1,0,0,0.251515934,114,422.0000000059372,500.0,468.99999999732245,5093.999999997322,474.52631578938997,1,31250.0,31250.0,31250.0,31250.0,31250.0,,,,
micro,jev_only,main,6m_vs_10m,False,smac-hard/jev_runs/all-maps-20260921-001/6m_vs_10m/jev,JEV-only,3,,43.219,21.072,59,0,0.018634853999999992,0.0,443687,21833,0,0,0,0,59,0,0,0,0.018634853999999992,59,469.0000000045984,641.5999999997438,625.0,1093.9999999973224,490.6949152537598,0,,,,,,,,,
micro,jev_gpt6,main,6m_vs_10m,False,smac-hard/jev_runs/p0-astra-all-maps-20260922-001/6m_vs_10m/jev,JEV + GPT-6,3,,89.594,30.714,86,1,0.03663160199999999,0.20704,872181,26429,17539,633,0,0,86,1,0,0,0.243671602,86,438.0000000091968,530.9999999990396,515.5000000013388,1312.000000005355,466.39534883687764,1,34375.0,34375.0,34375.0,34375.0,34375.0,,,,
micro,jev_only,main,mmmt_vs_zspi,False,smac-hard/jev_runs/all-maps-20260921-001/mmmt_vs_zspi/jev,JEV-only,3,,105.782,42.5,303,0,0.21208298999999997,0.0,5049595,204160,0,0,0,0,303,0,0,0,0.21208298999999997,303,531.0000000026776,906.9999999992433,765.7999999966705,13764.999999999418,649.6732673268366,0,,,,,,,,,
micro,jev_gpt6,main,mmmt_vs_zspi,False,smac-hard/jev_runs/p0-astra-all-maps-20260922-001/mmmt_vs_zspi/jev,JEV + GPT-6,3,,148.625,56.071,376,1,0.27087206999999996,0.33504,6449335,185705,29599,781,0,0,376,1,0,0,0.60591207,376,516.0000000032596,609.2500000086147,578.0000000086147,2391.0000000032596,549.2925531911789,1,35265.99999998871,35265.99999998871,35265.99999998871,35265.99999998871,35265.99999998871,,,,
micro,jev_only,main,unit_test,True,smac-hard/jev_runs/all-maps-20260921-001/unit_test/jev,JEV-only,3,,25.547,9.999,28,0,0.003259368,0.0,77604,1756,0,0,0,0,28,0,0,0,0.003259368,28,367.00000000200816,577.5500000025203,514.0999999995984,1938.0000000019209,446.8571428569703,0,,,,,,,,,
micro,jev_gpt6,main,unit_test,True,smac-hard/jev_runs/p0-astra-all-maps-20260922-001/unit_test/jev,JEV + GPT-6,3,,82.734,22.857,64,1,0.009022691999999995,0.1698,214826,3529,13620,672,0,0,64,1,0,0,0.178822692,64,391.00000000325963,497.7500000000872,453.7000000011176,5233.99999999674,479.9218749994907,1,36718.99999999732,36718.99999999732,36718.99999999732,36718.99999999732,36718.99999999732,,,,
micro,jev_only,main,mmmt,False,smac-hard/jev_runs/all-maps-20260921-001/mmmt/jev,JEV-only,3,,94.75,36.786,323,0,0.21732664800000012,0.0,5174444,188915,0,0,0,0,323,0,0,0,0.21732664800000012,323,530.9999999954016,790.6999999984677,686.9999999980791,1421.9999999986612,561.4613003096168,0,,,,,,,,,
micro,jev_gpt6,main,mmmt,False,smac-hard/jev_runs/p0-astra-all-maps-20260922-001/mmmt/jev,JEV + GPT-6,3,,206.469,84.286,527,1,0.37422033599999976,0.33064,8910008,223510,29509,711,0,0,526,1,1,0,0.7048603359999998,526,530.9999999881256,636.2499999995634,593.9999999973224,5875.0,561.9733840305254,1,32468.999999997322,32468.999999997322,32468.999999997322,32468.999999997322,32468.999999997322,,,,
micro,jev_only,main,mmmt_vs_zhb,False,smac-hard/jev_runs/all-maps-20260921-001/mmmt_vs_zhb/jev,JEV-only,3,,143.703,36.072,740,0,0.4987086720000001,0.0,11874016,357671,0,0,0,0,740,0,0,0,0.4987086720000001,740,514.9999999994179,672.7499999986314,625.0,1328.0000000013388,529.5729729729607,0,,,,,,,,,
micro,jev_gpt6,main,mmmt_vs_zhb,False,smac-hard/jev_runs/p0-astra-all-maps-20260922-001/mmmt_vs_zhb/jev,JEV + GPT-6,3,,184.719,46.071,547,1,0.3944072579999999,0.33477,9390649,277664,29567,782,0,0,545,1,2,0,0.729177258,545,515.9999999887077,605.9999999997665,577.9999999940628,5889.999999999418,557.572477063807,1,37656.00000000268,37656.00000000268,37656.00000000268,37656.00000000268,37656.00000000268,,,,
micro,jev_only,main,pvt_large,True,smac-hard/jev_runs/all-maps-20260921-001/pvt_large/jev,JEV-only,3,,572.734,152.5,3366,0,2.2927637879999985,0.0,54589614,778858,0,0,0,0,3366,0,0,0,2.2927637879999985,3366,485.0000000005821,686.9999999980791,625.0,2578.000000001339,515.3523469993819,0,,,,,,,,,
micro,jev_gpt6,main,pvt_large,True,smac-hard/jev_runs/p0-astra-all-maps-20260922-001/pvt_large/jev,JEV + GPT-6,3,,755.688,120.715,4404,1,3.2398725659999945,0.62043,77139823,722664,57948,819,0,0,4402,1,2,0,3.8603025659999943,4402,500.0,593.9999999973224,563.0000000091968,6672.000000005937,517.502044525241,1,42547.00000000594,42547.00000000594,42547.00000000594,42547.00000000594,42547.00000000594,,,,
macro,jev_only,main,,,Large-Language-Models-play-StarCraftII/jev_runs/long-20m-001,JEV-only,1,Tie,1239.8439999999973,1200.0,1024,0,0.10687412400000007,0.0,2544622,43880,0,0,0,0,1023,0,1,0,0.10687412400000007,1023,405.9999999990396,579.0000000015425,530.9999999990396,1796.9999999986612,424.64516129031927,0,,,,,,2,1,614.2857142857143,
macro,jev_gpt6,main,,,Large-Language-Models-play-StarCraftII/jev_runs/macro-v2-20260922-hard-002,JEV + GPT-6,1,Victory,839.9219999999914,807.8571428571429,743,18,0.1550859660000001,4.368259999999999,3692523,37423,419240,8010,24960,0,743,18,0,0,4.523345965999999,743,407.00000000651926,531.9000000061351,485.0000000005821,1781.0000000026776,428.0134589499609,18,24937.5,29159.699999996516,28270.300000005227,31656.999999991967,24340.88888888881,5,1,478.92857142857144,808.0357142857143
macro,jev_gpt6,main,,,Large-Language-Models-play-StarCraftII/jev_runs/macro-v2-20260922-harder-001,JEV + GPT-6,1,Victory,678.125,648.5714285714287,591,14,0.11688944400000005,2.88845,2783082,30737,297820,5693,41600,0,590,13,1,1,3.005339444,590,391.00000000325963,468.99999999732245,438.0000000091968,1750.0,403.1813559321671,13,26687.000000005355,39908.79999999886,33902.4000000034,47952.99999999406,25902.615384616252,6,1,491.0714285714286,648.75
macro,jev_gpt6,main,,,Large-Language-Models-play-StarCraftII/jev_runs/macro-v2-20260922-veryhard-003,JEV + GPT-6,1,Victory,805.9529999999941,767.6785714285714,708,14,0.14485522799999984,2.6842499999999996,3448934,37944,278215,5530,41600,0,708,12,0,2,2.8291052279999995,708,422.0000000059372,500.0,483.99999999674037,1108.9999999967404,432.6539548022027,12,35476.49999999703,39714.89999999612,38412.5,41046.999999991385,33141.999999999825,7,1,453.2142857142857,767.9017857142858
macro,jev_gpt6,main,,,Large-Language-Models-play-StarCraftII/jev_runs/macro-v2-20260922-veryhard-004,JEV + GPT-6,1,Victory,990.5620000000054,955.0000000000001,865,20,0.18288526200000013,4.30055,4354411,46856,442151,8064,58240,0,864,19,1,1,4.483435262,864,437.9999999946449,869.5000000064965,514.9999999994179,1281.0000000026776,472.6238425925018,19,27625.0,35428.299999992305,34046.79999999353,35485.00000000058,27855.999999999767,7,2,442.14285714285717,955.2232142857143
macro,jev_gpt6,stress,,,Large-Language-Models-play-StarCraftII/jev_runs/macro-v22-20260922-cheatvision-001,JEV + GPT-6,1,Defeat,642.625,613.6607142857143,539,14,0.10291201199999996,2.9068400000000003,2450286,27125,296801,4767,33280,0,539,13,0,1,3.0097520120000003,539,375.0,452.9999999940628,422.0000000059372,906.9999999919673,379.26901669746564,13,24639.999999999418,30150.199999997858,29791.199999995297,30656.000000002678,24354.53846153821,8,1,,613.8392857142858
