configuration,batch,seed,run,result,raw_audit_result,result_evidence,replay_verified,game_seconds,requests,responses,api_errors,request_cancellations,planner_requests,planner_responses,accepted_plans,decision_responses_with_game_advance,planner_responses_with_game_advance,candidate_count_mean,minimum_request_interval_wall_s,heartbeat_game_to_wall_ratio,events_sha256,replay_sha256
random,random-macro-realtime-lv7-20260924-10-seeds,1,seed-001-attempt-01,Defeat,Defeat,replay,True,507.366071,315,315,0,0,0,0,0,315,0,2.780952380952381,1.0159999999999627,0.998009,8967ab1f04891412799ea8d58b398c3be06c015aaf48f0f380d24aa0b8c36d85,6edbbbe7a388c0406d10e3dae55b09e52daaf7b3f7e30ef66ed211e29bc60ade
random,random-macro-realtime-lv7-20260924-10-seeds,2,seed-002-attempt-01,Defeat,Defeat,replay,True,680.133929,461,461,0,0,0,0,0,461,0,3.2906724511930587,1.0149999999999864,0.994347,1e90fb8e0b681b1f30afef3bf72b2d533647fe840552d29839d8b5b1994e2562,8f446d42fdb6b283b29f42b08f24d2ee9a84fa12833ab7f8350977fb3601d107
random,random-macro-realtime-lv7-20260924-10-seeds,3,seed-003-attempt-01,Defeat,Defeat,replay,True,703.973214,430,430,0,0,0,0,0,430,0,3.1744186046511627,1.0149999999999864,0.995629,ed9f0939c7f8a226edc72f9fff9ca2b800871da7aeeccbee0e5962665c6242f3,b6a3699751aa707364cd72544437af587d82b2d872587124b01dc92f3891e892
random,random-macro-realtime-lv7-20260924-10-seeds,4,seed-004-attempt-01,Defeat,Defeat,replay,True,419.0625,280,280,0,0,0,0,0,280,0,2.6357142857142857,1.0149999999999864,0.986973,3150a4051388732f92c75f2565e2c36be7cf9855cde738fce6d0dbd7f72e7ce9,44273c6acee574e7ebd5e3037582e7ab939df5f322391e4f53530b8f98dd0b6c
random,random-macro-realtime-lv7-20260924-10-seeds,5,seed-005-attempt-01,Defeat,Defeat,replay,True,847.142857,562,562,0,0,0,0,0,562,0,4.5213523131672595,1.0149999999999864,0.988848,e7bb02508e4ea3bcd3d65b331a787e46a3efd8e37a258a0affc8a2aaf79e4bcf,a6d8b10795add0afb2d5b0daab39ba838ec735dd22c8b01f632466090d3af00a
random,random-macro-realtime-lv7-20260924-10-seeds,6,seed-006-attempt-01,Defeat,Defeat,replay,True,721.25,502,502,0,0,0,0,0,502,0,3.9223107569721116,1.0149999999999864,0.99121,d78e35c6b101a5ded654dd314673d10700984ac65fc919dcf3923ad94fe61b49,4bebea4867cfcac78fa75056bba72d64078e00264ed751e77a539473acf0960c
random,random-macro-realtime-lv7-20260924-10-seeds,7,seed-007-attempt-01,Defeat,Defeat,replay,True,432.946429,141,141,0,0,0,0,0,141,0,2.382978723404255,1.0160000000000196,0.99521,bfef3c48132135b0c56bce982346b2607ae65eac29f18e7135c0bd7f09350421,ecf636f1d8ba7bd844fa4cb4737f7e24ba03a58d2d54715397faef2e93019832
random,random-macro-realtime-lv7-20260924-10-seeds,8,seed-008-attempt-01,Defeat,Defeat,replay,True,851.651786,573,573,0,0,0,0,0,573,0,3.7905759162303663,1.0149999999999864,0.990663,ff0567d08a74c7bbdfaf4008ead619930f4d1f45bf272ab053af2469415de233,cfa832d3909adb1b2fc2473d5d1388bbe4a4ffe9e21a70365bebd4fe3f8c8efc
random,random-macro-realtime-lv7-20260924-10-seeds,9,seed-009-attempt-01,Defeat,Defeat,replay,True,652.723214,457,457,0,0,0,0,0,456,0,3.1619256017505473,1.0,0.98327,a6c136ebdbac9fa740a90d982c5e4a72203d32f384e558c0877ec4e17d70718d,7607b5377656066b55c4018364527b21c5c745685f6e5a36564a19ed33e8aebe
random,random-macro-realtime-lv7-20260924-10-seeds,10,seed-010-attempt-01,Defeat,Defeat,replay,True,416.875,183,183,0,0,0,0,0,183,0,2.4644808743169397,1.0,0.982131,d9fdfedcd9557fa4761e4482789e5bb1d23c5a1467ffbf008b5c441feee990fc,e9e9f2aeb78c3221e1bd83f1bba4a9b52a4f0c8d2427e620fec5601c75c74097
jev,jev-only-realtime-lv7-20260924-10-seeds-r2,1,seed-001-attempt-01,Defeat,Defeat,replay,True,451.696429,394,392,2,0,0,0,0,392,0,6.218274111675127,1.0159999999999911,0.995989,ac66c6d09ebe19a754bed7cad49ff371cedfe4a4b7576e5ae17b24a015b83499,5e409de197391156a242efc2ba334637c0bc79a1ac29a9b994181dc12e3df7dd
jev,jev-only-realtime-lv7-20260924-10-seeds-r2,2,seed-002-attempt-01,Defeat,Defeat,replay,True,564.107143,467,465,2,0,0,0,0,465,0,7.728051391862955,1.0,0.994889,5228df3787140c55e78f68339b60eb257c4a2506a3e143afca6a40728e004586,c5cb7d0fe8ee19f02d7dcb0c314bf6eeaa4cc8c6d4aecb4826923bad59cb601d
jev,jev-only-realtime-lv7-20260924-10-seeds-r2,3,seed-003-attempt-01,Defeat,Defeat,replay,True,441.473214,365,359,5,1,0,0,0,359,0,6.8273972602739725,1.0150000000000148,0.993718,688c52bffec86cc5b340ae3ce7906371907e3ae4ef2a6765b4e6f0c8f3e92a99,e7a1f18f03c096918ed433e692414e4b2412aca0c4da650365302da69761a47c
jev,jev-only-realtime-lv7-20260924-10-seeds-r2,4,seed-004-attempt-01,Defeat,Defeat,replay,True,391.830357,336,332,3,1,0,0,0,332,0,7.357142857142857,1.0150000000000006,0.990142,fc2fc6a409a20fb2ab524f25b452d8d69dd4511589192fb9bc25a971a4d47241,3e5ab03bba7b5c4716f349b012d2865eeddd5abb7799ae7fd4ee1f8dda9e50e9
jev,jev-only-realtime-lv7-20260924-10-seeds-r2,5,seed-005-attempt-01,Defeat,Defeat,replay,True,724.464286,599,595,4,0,0,0,0,595,0,7.460767946577629,1.0,0.998001,ed4d48710e95e0261e5a24fb2ff77d979d2b782a333160b265d4646ceb7171ed,3899306dca4f00ff91a11678c5b63552f79b2361bef9ba2e784443a4c55cf69d
jev,jev-only-realtime-lv7-20260924-10-seeds-r2,6,seed-006-attempt-01,Defeat,Defeat,replay,True,366.160714,296,292,3,1,0,0,0,292,0,6.361486486486487,1.030999999999949,0.998934,c28341c2ad150938e07747eec8f30ea7c71fc64c9b2b7d11870a24658d3f9272,ebd3b028c50ef4577da32e270ed1d01068b9214f8aa177f4072179c235acc283
jev,jev-only-realtime-lv7-20260924-10-seeds-r2,7,seed-007-attempt-01,Defeat,Defeat,replay,True,344.0625,291,290,1,0,0,0,0,290,0,6.56701030927835,1.031000000000006,0.99325,edf288e17d2e2386612356bf5b8eeb07087bfa5793c0b2239a3581673566f131,22b331d3fb3921cd1ef4f2dc5b280fb9e2ed48eb61e0e98fad2839b72bf15c6a
jev,jev-only-realtime-lv7-20260924-10-seeds-r2,8,seed-008-attempt-01,Defeat,Defeat,replay,True,603.4375,528,527,1,0,0,0,0,527,0,7.515151515151516,1.031000000000006,0.991592,d296c1995043621137a78e4653d9d3930e4f16dee1530bbe75afd656dd14641d,6e69c8ec87d1b7c2aeec75cbec7d8182a7a0cd431f2c43ae2994632dd656ea4b
jev,jev-only-realtime-lv7-20260924-10-seeds-r2,9,seed-009-attempt-01,Defeat,Defeat,replay,True,535.267857,460,459,1,0,0,0,0,459,0,5.539130434782609,1.0,0.992593,6bb03efecc42d4c8a96e59b088ca227aa842be8aeb40e407f65edbf0ea353c68,bae96d45ac924c2aeff7d9d0e9cd5dd06c03a11da87e1d479946310c9aa67a20
jev,jev-only-realtime-lv7-20260924-10-seeds-r2,10,seed-010-attempt-01,Defeat,Defeat,replay,True,443.660714,391,389,2,0,0,0,0,389,0,6.465473145780051,1.0319999999999823,0.981398,f1c05c66113ccb6cc2b335dce6c2a347f5a0c42b4ae7c418b315722bfd3a9391,471fa1c1582162f967c42fb3bc5142759fb839ceb10c9d0cfe7e50f12c06df89
astra_constrained_random,astra-random-lv7-20260923-10-seeds,1,seed-001-attempt-01,Defeat,Defeat,replay,True,504.910714,193,193,0,0,11,11,10,193,11,2.523316062176166,1.0309999999999775,0.998881,bcf2513f4afcc55088680ef5e02c9ae465671dd7353d4bc163849b83d3905a5a,873c6850fd63c93f2c7a2dab51605fc27991e25340b33dee5df6b2bb4f7298c3
astra_constrained_random,astra-random-lv7-20260923-10-seeds,2,seed-002-attempt-01,Defeat,Defeat,replay,True,800.580357,375,375,0,0,19,18,14,375,18,2.5813333333333333,1.0459999999999354,0.991494,5f5db2c5f8a14270c6dd9af8a1c5d0908434a1ea6556d391421efcfe2d8d42d4,19942728d5f6c78bfcd97c58d7178fc3fcc42ddc46c8d4eab313e8dd0072adf5
astra_constrained_random,astra-random-lv7-20260923-10-seeds,3,seed-003-attempt-01,Defeat,Defeat,replay,True,762.946429,361,361,0,0,20,20,13,361,20,2.6454293628808863,1.0309999999999917,0.994342,3b590dac148ba941d2306f068b5c9a7835538474cc20ff943971fef5de4556f2,603f8037409fda19a4f05ca15d01a738ee9bf56879df240c1618c74a90391fd6
astra_constrained_random,astra-random-lv7-20260923-10-seeds,4,seed-004-attempt-01,Defeat,Defeat,replay,True,468.258929,180,180,0,0,12,11,9,180,11,2.438888888888889,1.0309999999999775,0.981466,d6c6450caccdb5005e02d8e09582420ea5acea32d0343de14e809c136c5adb43,f111c882b4faee4cc1e3be7f4aed5b8144b75d3c0a7f317a89679a7a2aac0bd7
astra_constrained_random,astra-random-lv7-20260923-10-seeds,5,seed-005-attempt-01,Defeat,Unconfirmed,human_adjudication,False,1005.178571,519,519,0,0,22,20,17,519,20,2.8227360308285165,1.046999999999997,0.983282,9b738bec57e28c485fe737db960f55d18e2e3bb00d9f53a4c8ad31c59cf857aa,
astra_constrained_random,astra-random-lv7-20260923-10-seeds,6,seed-006-attempt-01,Defeat,Defeat,replay,True,786.696429,356,356,0,0,19,19,14,356,19,2.547752808988764,1.0620000000000118,0.983535,986c7150f866d3d33fc02192cf159d9c1bad2b9c132d541562d145b878bfe9f8,80b5222d31c5c2bf9028aea0f836ca992c0a5c08014dd8697655309fc2caa625
astra_constrained_random,astra-random-lv7-20260923-10-seeds,7,seed-007-attempt-01,Defeat,Defeat,replay,True,442.142857,159,159,0,0,11,10,7,159,10,2.440251572327044,1.0310000000000024,0.996267,8eafe046319a81d06bd1dc3ee7b062bc6940439a928e1899466ba9578d10fb8c,8e05320c5bd7922b6674e7c0c641ff69463b407cd6bdfdf65c2c9d9fd577e676
astra_constrained_random,astra-random-lv7-20260923-10-seeds,8,seed-008-attempt-01,Defeat,Defeat,replay,True,844.732143,408,408,0,0,20,20,15,408,20,2.553921568627451,1.0159999999999627,0.993777,9a112f822c6f26b8bc5f00da33a4d8200957f33e4c56ed4fe25d5dd7db9e0901,89f6e6fef74437ba72245e8976b06d2fad2ba9497699fc81e3daf714b36b69df
astra_constrained_random,astra-random-lv7-20260923-10-seeds,9,seed-009-attempt-01,Defeat,Defeat,replay,True,673.839286,277,277,0,0,17,17,12,277,17,2.6028880866425994,1.031000000000006,0.988942,4fbb751b63316df83f102658ef3b8b4c4b1d2b68642c52832f384557c5ca0ef9,f7040f687363ef9479673ea1fb2aef7e79856a790c6dfcafc6c259fa5a7e92d1
astra_constrained_random,astra-random-lv7-20260923-10-seeds,10,seed-010-attempt-01,Defeat,Defeat,replay,True,730.714286,321,321,0,0,20,19,14,321,19,2.588785046728972,1.0619999999999976,0.981566,eac4f247e8481b55384eeb73007f9f5004f688992f2c8e86df0c67e83d698c67,5cbe9e3805464fc23637ab8b47d25090a5e2876a371d9882d06a0cd1ebd06b41
astra_constrained_jev,astra-constrained-jev-lv7-20260924-10-seeds-r3,1,seed-001-attempt-01,Defeat,Defeat,replay,True,950.3125,796,795,1,0,21,21,13,795,21,4.092964824120603,1.0160000000000196,0.998279,c87989fb765c070c5f88fabfb75cc35ced878deeb4d6d6d79bce022638f5e6e4,dd64836c9a1d14cd8c32e05d52ae8afafd5acbec5974f695152f07978507e6c7
astra_constrained_jev,astra-constrained-jev-lv7-20260924-10-seeds-r3,2,seed-002-attempt-01,Victory,Victory,replay,True,587.455357,502,501,1,0,11,11,9,501,11,3.697211155378486,1.0159999999999627,0.997117,b45a17e1be0a770155081dd134fd2f42f8bf6412d2eaac5fae4495f575c83557,f1e807ae80197e0ac8ba92d683337159b92a2be099e74e7b7b5be57c99be4de7
astra_constrained_jev,astra-constrained-jev-lv7-20260924-10-seeds-r3,3,seed-003-attempt-01,Victory,Victory,replay,True,634.330357,557,557,0,0,13,12,12,557,12,4.168761220825853,1.0159999999999627,0.992866,287acda17de678e883bd6c360ecbbc7f8de6429a9b754817e60e48ea40f5e985,7d62feaabf67641e4c4e81d7d5f3864c4efcbb988402b24d84e0ea1305ea2a90
astra_constrained_jev,astra-constrained-jev-lv7-20260924-10-seeds-r3,4,seed-004-attempt-01,Victory,Victory,replay,True,994.776786,864,864,0,0,19,19,16,864,19,4.152777777777778,1.0150000000000006,0.997717,3b18c592b4648fc440b8e29dbc8d66a31480cf56f6d29b2746b71ff07602192d,fae39827b6c02822f202e91d76cf07f8edeefcb57d8dc8fb718e28910d647fb9
astra_constrained_jev,astra-constrained-jev-lv7-20260924-10-seeds-r3,5,seed-005-attempt-01,Victory,Victory,replay,True,615.892857,527,525,1,1,12,12,9,525,12,3.333965844402277,1.030999999999949,0.996571,275d4200a805562bea9291c94385be7cd500322f37145600c51b53ddae4cdf8c,fe8574384c75cf767c51e43df5876088b8ba65602ac4c9b0d29c8c1a0592fb2c
astra_constrained_jev,astra-constrained-jev-lv7-20260924-10-seeds-r3,6,seed-006-attempt-01,Victory,Victory,replay,True,836.205357,730,728,1,1,17,16,9,728,16,4.368493150684931,1.0160000000000764,0.99105,d01880b937b65fa25a4407c44007d4c4e7f33a8d38c5b3a457ac10139ad5d29f,580aa43790a06095c4b7c42c371743aaff39a0b783ddfc2a4fd571f456e9481b
astra_constrained_jev,astra-constrained-jev-lv7-20260924-10-seeds-r3,7,seed-007-attempt-01,Victory,Victory,replay,True,733.75,620,619,0,1,13,13,10,619,13,3.9387096774193546,1.0160000000000196,0.995593,b6fb4471349f612b6da9f60aefb9bee7802129c4a8fdf1f98ffc0a73031fd57f,aa568cfbe04e6b6bad967d00e05cfc60bb0eab152523bf6995caad10a7bfe1e7
astra_constrained_jev,astra-constrained-jev-lv7-20260924-10-seeds-r3,8,seed-008-attempt-01,Victory,Victory,replay,True,1122.946429,998,997,1,0,22,22,16,997,22,4.387775551102204,1.0150000000000148,0.991379,6a451317b1597a533eba6e30f81184727f4d303d2c6f6da2088952913b33055d,d7007bb7504e43a81d343dc1f4eb3351ed5ef2d330b34e3038f15a2b38f3fb4f
astra_constrained_jev,astra-constrained-jev-lv7-20260924-10-seeds-r3,9,seed-009-attempt-01,Victory,Victory,replay,True,617.455357,545,545,0,0,12,11,8,545,11,3.7743119266055047,1.0150000000000148,0.993413,9ac052b09db2b5f0f366ddb99de9ca5c53ce1200b69d703873912c7ccb2165a9,1106a41d57df6a718665ce6e77261274505a7a23c2566e762bacdb77507b04a5
astra_constrained_jev,astra-constrained-jev-lv7-20260924-10-seeds-r3,10,seed-010-attempt-01,Victory,Victory,replay,True,746.071429,663,662,0,1,15,14,10,662,14,3.8265460030165914,1.0150000000000148,0.985355,349688fd061bed7868c9688e8172c96871ce9034f43e017158ca020551b0fbbd,7d0137093f3ed115f533ff54e3cbfcf754c78d582bbeb8673625beb700ac4ac9
astra_advisory_jev,astra-advisory-guard20-jev-lv7-20260924-10-seeds,1,seed-001-attempt-01,Tie,Tie,replay,True,1200.178571,1046,1045,0,1,23,21,17,1045,21,16.83938814531549,1.0159999999999627,0.998241,279f030c65121e953efe87fffb6981d6804eaf2758ca4b4506b651193a4d0d4c,93f7e05b349de184b475d5f5fcc6574d5458c669cfb4bf5e8f0dfc348245780e
astra_advisory_jev,astra-advisory-guard20-jev-lv7-20260924-10-seeds,2,seed-002-attempt-01,Tie,Tie,replay,True,1200.401786,1043,1042,1,0,26,24,11,1042,24,15.694151486097795,1.0,0.998101,72ef6aa307f7fb79902c63bf9e2d668d688982a3923ae4e160906812b2640092,82284661806f4e6b2c3f32362cb2c07f7eff125c5406a2433eeb3f13826727eb
astra_advisory_jev,astra-advisory-guard20-jev-lv7-20260924-10-seeds,3,seed-003-attempt-01,Defeat,Defeat,replay,True,1002.053571,869,869,0,0,22,21,12,869,21,10.277330264672036,1.0149999999999864,0.998691,ace02c430d21cbd02cfc81225e0bdd2471d0d70471a23d902dafc2fd85e3cf82,9b29ee0072c433ddcbe976a10d738ea44cff6afd1e9a50860cbfa1a28605c276
astra_advisory_jev,astra-advisory-guard20-jev-lv7-20260924-10-seeds,4,seed-004-attempt-01,Victory,Victory,replay,True,742.8125,672,671,1,0,15,14,11,671,14,10.383928571428571,1.0149999999999864,0.982719,82e3dec85877f6ad3938aabd70343ce0ace5b1bfa098c400eb02f88ad0dd905b,808016114f067097cf122dcfe088193b96d1176d759cb155b46961331ba44bee
astra_advisory_jev,astra-advisory-guard20-jev-lv7-20260924-10-seeds,5,seed-005-attempt-01,Victory,Victory,replay,True,988.660714,881,879,1,1,18,18,12,879,18,14.796821793416573,1.0149999999999864,0.992531,29ab96ec092be5898089845ea6bc5e6b83b69570e30700d02d37acf2c7587446,0fce239f39b7080fca289dc9462fbb9e50a8ac93f6d0fab748aa6f78166c8fbc
astra_advisory_jev,astra-advisory-guard20-jev-lv7-20260924-10-seeds,6,seed-006-attempt-01,Tie,Tie,replay,True,1200.223214,1004,1000,4,0,27,26,11,1000,26,11.385458167330677,1.0160000000000053,0.996292,87ae7f20aa1880c68f1e05ca90fb5c19c22e11b8d43ccc9fdc4abd26720fadd1,92d7f17d9b63a7f10f0ba9191461181b763a52fe7f8efd9fb284b2526c13697b
astra_advisory_jev,astra-advisory-guard20-jev-lv7-20260924-10-seeds,7,seed-007-attempt-01,Tie,Tie,replay,True,1200.133929,1034,1031,2,1,23,22,15,1031,22,15.986460348162476,1.030999999999949,0.998515,7a219312824ca573f2845d55d174dd5c2799ef223a40f319c9deb09b8a8e71f5,7243e02f426224da594388302b19cb066aebcf66cf68b48bc8ccc945224420f8
astra_advisory_jev,astra-advisory-guard20-jev-lv7-20260924-10-seeds,8,seed-008-attempt-01,Defeat,Defeat,replay,True,1121.294643,962,959,3,0,25,22,12,959,22,15.734927234927236,1.0,0.989455,bf157ec633533b82aadd63b2041b815d81898b36b645ff612cea943aaa285b77,4b1abf9d4c1538cc4480b17aab4caf1cc0981e63e21ebdc06433a369a1d80d59
astra_advisory_jev,astra-advisory-guard20-jev-lv7-20260924-10-seeds,9,seed-009-attempt-01,Victory,Victory,replay,True,841.785714,764,763,0,1,16,15,9,763,15,12.410994764397905,1.0149999999999864,0.985616,5de0a3eb0a843fb237a753193c963c9eeff0f9f6212aea9017cf6497bf37481a,4f163400575741101b327de9c2f82ac735722067b0c7944c1e068e017688a37e
astra_advisory_jev,astra-advisory-guard20-jev-lv7-20260924-10-seeds,10,seed-010-attempt-01,Defeat,Defeat,replay,True,552.589286,453,453,0,0,11,10,6,453,10,7.880794701986755,1.0149999999999864,0.981831,1891592380259d97f9cdef0f317e843450cab9da210c3c83841db4ca43e3d3a9,14b415c4b0c9cfe97b92d3746eccdee5904991ac8f9b65cd59902670741a3593
